direction,lang,model_instances,batch_size,repeats,total_items,topk,beam_width,postprocess,wall_seconds,cpu_seconds,preprocess_seconds,inference_seconds,postprocess_seconds,items_per_second,items_per_second_per_instance,wall_ms_per_item,preprocess_ms_per_item,inference_ms_per_item,postprocess_ms_per_item,preprocess_percent,inference_percent,postprocess_percent,cpu_ms_per_item,effective_cpu_cores,rss_mb_before,rss_mb_after,vms_mb_after,threads_after,cuda_available,cuda_device_count,cuda_current_device,torch_gpu_allocated_mb_before,torch_gpu_allocated_mb_after,torch_gpu_reserved_mb_after,torch_gpu_max_allocated_mb,torch_gpu_max_reserved_mb,nvidia_smi_available,gpu_count,gpu_util_percent_before,gpu_util_percent_after,gpu_mem_util_percent_after,gpu_mem_used_mb_before,gpu_mem_used_mb_after,gpu_mem_total_mb,gpu_power_watts_after,gpu_temperature_c_after,gpu_names
en2indic,hi,1,1,128,128,5,8,1,4.091172473970801,4.09,0.00036060879938304424,4.086622895672917,0.004066465015057474,31.286874560867894,31.286874560867894,31.96228495289688,0.002817256245180033,31.926741372444667,0.03176925793013652,0.008814314274876937,99.88879524569475,0.09939607877520389,31.953125,0.9997134137027318,1663.9375,1664.1328125,18364.57421875,22,1,1,0,95.880859375,95.880859375,116.0,97.4921875,116.0,1,1,2.0,11.0,1.0,657.0,657.0,8151.0,37.37,52.0,NVIDIA GeForce RTX 5060 Ti
en2indic,hi,1,32,4,128,5,8,1,0.7079574620001949,1.040000000000001,7.570104207843542e-05,0.6998244689893909,0.008029880933463573,180.80182337277878,180.80182337277878,5.530917671876523,0.0005914143912377767,5.467378663979616,0.06273344479268417,0.0106928800304692,98.8512031516942,1.1342321204972852,8.125000000000007,1.469014814903829,1708.19140625,1708.375,18511.96875,22,1,1,0,95.880859375,95.880859375,238.0,203.69580078125,238.0,1,1,9.0,14.0,4.0,779.0,779.0,8151.0,42.99,52.0,NVIDIA GeForce RTX 5060 Ti
en2indic,hi,1,128,2,256,5,8,1,1.1916005850071087,1.8399999999999999,0.00011804397217929363,1.138264061009977,0.05315661197528243,214.8370882164956,214.8370882164956,4.6546897851840185,0.00046110926632536575,4.446343988320223,0.207643015528447,0.009906337212698619,95.52395956596365,4.460942084462414,7.187499999999999,1.544141571556062,1711.1328125,1711.73828125,18547.66015625,22,1,1,0,95.880859375,95.880859375,282.0,224.67822265625,282.0,1,1,4.0,4.0,0.0,823.0,823.0,8151.0,43.27,52.0,NVIDIA GeForce RTX 5060 Ti
