direction,lang,model_instances,batch_size,repeats,total_items,topk,beam_width,postprocess,wall_seconds,cpu_seconds,preprocess_seconds,inference_seconds,postprocess_seconds,items_per_second,items_per_second_per_instance,wall_ms_per_item,preprocess_ms_per_item,inference_ms_per_item,postprocess_ms_per_item,preprocess_percent,inference_percent,postprocess_percent,cpu_ms_per_item,effective_cpu_cores,rss_mb_before,rss_mb_after,vms_mb_after,threads_after,cuda_available,cuda_device_count,cuda_current_device,torch_gpu_allocated_mb_before,torch_gpu_allocated_mb_after,torch_gpu_reserved_mb_after,torch_gpu_max_allocated_mb,torch_gpu_max_reserved_mb,nvidia_smi_available,gpu_count,gpu_util_percent_before,gpu_util_percent_after,gpu_mem_util_percent_after,gpu_mem_used_mb_before,gpu_mem_used_mb_after,gpu_mem_total_mb,gpu_power_watts_after,gpu_temperature_c_after,gpu_names
en2indic,hi,1,1,128,128,1,1,0,3.8521046559908427,3.8500000000000005,0.0004372231778688729,3.851550916035194,0.0,33.228588377247945,33.228588377247945,30.09456762492846,0.0034158060771005694,30.090241531524953,0.0,0.011350241411247686,99.98562500230133,0.0,30.078125000000004,0.9994536347844108,1646.85546875,1646.97265625,18342.67578125,22,1,1,0,95.880859375,95.880859375,116.0,96.0927734375,116.0,1,1,2.0,10.0,1.0,583.0,583.0,8151.0,36.18,48.0,NVIDIA GeForce RTX 5060 Ti
en2indic,hi,1,32,4,128,1,1,0,0.5031337609980255,0.5099999999999998,8.181505836546421e-05,0.5030399390379898,0.0,254.4055078834241,254.4055078834241,3.9307325077970745,0.0006391801434801891,3.9299995237342955,0.0,0.01626109490310774,99.98135248172383,0.0,3.9843749999999982,1.0136469454730175,1706.93359375,1707.07421875,18411.5,22,1,1,0,95.880859375,95.880859375,130.0,109.13330078125,130.0,1,1,10.0,13.0,1.0,597.0,597.0,8151.0,34.97,48.0,NVIDIA GeForce RTX 5060 Ti
en2indic,hi,1,128,2,256,1,1,0,0.7609697569860145,0.7599999999999998,0.00013859302271157503,0.7608224039431661,0.0,336.41284380859423,336.41284380859423,2.9725381132266193,0.00054137899496709,2.9719625154029927,0.0,0.018212684727511735,99.98063614992637,0.0,2.968749999999999,0.9987256300567637,1707.8984375,1707.9453125,18412.40234375,22,1,1,0,95.880859375,95.880859375,134.0,111.2041015625,134.0,1,1,6.0,5.0,0.0,601.0,601.0,8151.0,37.6,48.0,NVIDIA GeForce RTX 5060 Ti
