direction,lang,model_instances,batch_size,repeats,total_items,topk,beam_width,postprocess,wall_seconds,cpu_seconds,preprocess_seconds,inference_seconds,postprocess_seconds,items_per_second,items_per_second_per_instance,wall_ms_per_item,preprocess_ms_per_item,inference_ms_per_item,postprocess_ms_per_item,preprocess_percent,inference_percent,postprocess_percent,cpu_ms_per_item,effective_cpu_cores,rss_mb_before,rss_mb_after,vms_mb_after,threads_after,cuda_available,cuda_device_count,cuda_current_device,torch_gpu_allocated_mb_before,torch_gpu_allocated_mb_after,torch_gpu_reserved_mb_after,torch_gpu_max_allocated_mb,torch_gpu_max_reserved_mb,nvidia_smi_available,gpu_count,gpu_util_percent_before,gpu_util_percent_after,gpu_mem_util_percent_after,gpu_mem_used_mb_before,gpu_mem_used_mb_after,gpu_mem_total_mb,gpu_power_watts_after,gpu_temperature_c_after,gpu_names
en2indic,hi,1,1,128,128,5,8,0,5.550802069948986,5.55,0.0005836349446326494,5.550074719940312,0.0,23.059730537496243,23.059730537496243,43.365641171476454,0.004559648004942574,43.35995874953369,0.0,0.010514425433980809,99.98689648811995,0.0,43.359375,0.9998555037742511,1663.73828125,1663.93359375,18364.3984375,22,1,1,0,95.880859375,95.880859375,116.0,97.4921875,116.0,1,1,4.0,8.0,1.0,657.0,657.0,8151.0,36.18,49.0,NVIDIA GeForce RTX 5060 Ti
en2indic,hi,1,32,4,128,5,8,0,0.9719831060501747,1.2899999999999991,0.00010068691335618496,0.9718697339994833,0.0,131.6895316423252,131.6895316423252,7.59361801601699,0.000786616510595195,7.592732296870963,0.0,0.010358915986240136,99.98833600604932,0.0,10.078124999999993,1.3271835610828078,1708.01171875,1708.19140625,18511.95703125,22,1,1,0,95.880859375,95.880859375,238.0,203.69580078125,238.0,1,1,10.0,5.0,0.0,779.0,779.0,8151.0,39.96,49.0,NVIDIA GeForce RTX 5060 Ti
en2indic,hi,1,128,2,256,5,8,0,1.6238481369800866,2.290000000000001,0.00018428894691169262,1.6236527459695935,0.0,157.6502101213048,157.6502101213048,6.343156785078463,0.0007198786988737993,6.342393538943725,0.0,0.011348902813930598,99.98796740864843,0.0,8.945312500000004,1.410230395225735,1710.8515625,1711.140625,18547.58203125,22,1,1,0,95.880859375,95.880859375,282.0,224.67822265625,282.0,1,1,3.0,3.0,0.0,823.0,823.0,8151.0,38.68,50.0,NVIDIA GeForce RTX 5060 Ti
