direction,lang,model_instances,batch_size,repeats,total_items,topk,beam_width,postprocess,wall_seconds,cpu_seconds,preprocess_seconds,inference_seconds,postprocess_seconds,items_per_second,items_per_second_per_instance,wall_ms_per_item,preprocess_ms_per_item,inference_ms_per_item,postprocess_ms_per_item,preprocess_percent,inference_percent,postprocess_percent,cpu_ms_per_item,effective_cpu_cores,rss_mb_before,rss_mb_after,vms_mb_after,threads_after,cuda_available,cuda_device_count,cuda_current_device,torch_gpu_allocated_mb_before,torch_gpu_allocated_mb_after,torch_gpu_reserved_mb_after,torch_gpu_max_allocated_mb,torch_gpu_max_reserved_mb,nvidia_smi_available,gpu_count,gpu_util_percent_before,gpu_util_percent_after,gpu_mem_util_percent_after,gpu_mem_used_mb_before,gpu_mem_used_mb_after,gpu_mem_total_mb,gpu_power_watts_after,gpu_temperature_c_after,gpu_names
en2indic,hi,1,1,128,128,1,1,1,3.773088968999218,3.7699999999999996,0.000346932967659086,3.770087934390176,0.0025274642393924296,33.92445846140516,33.92445846140516,29.477257570306392,0.0027104138098366093,29.45381198742325,0.019745814370253356,0.009194932070502095,99.92046212973774,0.06698660593902771,29.453124999999996,0.9991813156210737,1647.0859375,1647.1875,18342.70703125,22,1,1,0,95.880859375,95.880859375,116.0,96.0927734375,116.0,1,1,5.0,9.0,1.0,657.0,657.0,8151.0,36.57,51.0,NVIDIA GeForce RTX 5060 Ti
en2indic,hi,1,32,4,128,1,1,1,0.5025549329584464,0.5,8.214398985728621e-05,0.5005224790656939,0.0019296170212328434,254.69852468960568,254.69852468960568,3.926210413737863,0.0006417499207600486,3.9103318677007337,0.015075132978381589,0.01634527580372557,99.59557577501272,0.3839614129093412,3.90625,0.9949161120687722,1707.20703125,1707.3515625,18411.50390625,22,1,1,0,95.880859375,95.880859375,130.0,109.13330078125,130.0,1,1,13.0,12.0,1.0,671.0,671.0,8151.0,35.09,51.0,NVIDIA GeForce RTX 5060 Ti
en2indic,hi,1,128,2,256,1,1,1,0.7618655069964007,0.7599999999999998,0.00011862599058076739,0.7504880349733867,0.011210011958610266,336.01731230655315,336.01731230655315,2.97603713670469,0.00046338277570612263,2.9315938866147917,0.04378910921332135,0.015570463486192166,98.50662985546244,1.4713898786158364,2.968749999999999,0.9975513959100794,1708.203125,1708.28125,18412.28515625,22,1,1,0,95.880859375,95.880859375,134.0,111.2041015625,134.0,1,1,8.0,7.0,0.0,675.0,675.0,8151.0,38.4,51.0,NVIDIA GeForce RTX 5060 Ti
