backend,direction,lang,model_instances,batch_size,repeats,total_items,topk,beam_width,postprocess,wall_seconds,cpu_seconds,preprocess_seconds,inference_seconds,postprocess_seconds,items_per_second,items_per_second_per_instance,wall_ms_per_item,preprocess_ms_per_item,inference_ms_per_item,postprocess_ms_per_item,preprocess_percent,inference_percent,postprocess_percent,cpu_ms_per_item,effective_cpu_cores,rss_mb_before,rss_mb_after,vms_mb_after,threads_after,cuda_available,cuda_device_count,cuda_current_device,torch_gpu_allocated_mb_before,torch_gpu_allocated_mb_after,torch_gpu_reserved_mb_after,torch_gpu_max_allocated_mb,torch_gpu_max_reserved_mb,nvidia_smi_available,gpu_count,gpu_util_percent_before,gpu_util_percent_after,gpu_mem_util_percent_after,gpu_mem_used_mb_before,gpu_mem_used_mb_after,gpu_mem_total_mb,gpu_power_watts_after,gpu_temperature_c_after,gpu_names
trtllm,en2indic,hi,1,1,512,512,1,1,1,6.280999619979411,6.280000000000001,0.017345536034554243,6.230187158565968,0.0325122456997633,81.5156871481674,81.5156871481674,12.267577382772288,0.033878000067488756,12.168334294074157,0.06350047988235019,0.27615884547070074,99.19101314300653,0.5176285251848156,12.265625000000002,0.9998408501767408,2728.1953125,2728.44140625,130654.671875,86,1,1,0,1.13671875,1.13671875,2.0,1.15966796875,2.0,1,1,0.0,28.0,0.0,10080.0,10080.0,24564.0,63.89,34.0,NVIDIA GeForce RTX 4090
trtllm,en2indic,hi,1,32,16,512,1,1,1,0.49685043608769774,0.5,0.002546600066125393,0.48821903159841895,0.006029615644365549,1030.4911957642485,1030.4911957642485,0.9704110079837847,0.004973828254151158,0.953552796090662,0.011776593055401463,0.5125486225146232,98.2627761067809,1.2135675459689599,0.9765625,1.0063390583635239,2735.5,2735.5546875,130662.921875,86,1,1,0,36.13427734375,36.13427734375,38.0,37.26025390625,38.0,1,1,28.0,28.0,0.0,10116.0,10116.0,24564.0,64.91,34.0,NVIDIA GeForce RTX 4090
trtllm,en2indic,hi,1,128,4,512,1,1,1,0.19003838999196887,0.19000000000000128,0.002319848630577326,0.1826325342990458,0.0050515769980847836,2694.192473539885,2694.192473539885,0.3711687304530642,0.0045309543565963395,0.35670416855282383,0.009866361324384343,1.2207263125494612,96.10296861953206,2.6581876421381314,0.3710937500000025,0.9997979882276986,2741.8515625,2741.92578125,130672.5234375,86,1,1,0,144.513671875,144.513671875,202.0,153.5068359375,202.0,1,1,28.0,13.0,1.0,10280.0,10280.0,24564.0,66.9,34.0,NVIDIA GeForce RTX 4090
